"#","Group","Pages (count)","Page URL(s)","Image URL","What's in it","Old NADCO logo","""Inc"" text","Women Owned badge"
"1","Designed graphic (send to Design)","1","https://shopnadco.com/pages/faqs","https://shopnadco.com/cdn/shop/files/674135d7355431eb1ff947626cf33efc8382374f.png","""Premium Label Embellishments by NADCO"" graphic with old NADCO logo and a WOMEN OWNED badge","Yes","Yes","Yes"
"2","Designed graphic (send to Design)","1","https://shopnadco.com/pages/about-us","https://shopnadco.com/cdn/shop/files/asst_certs_image_for_about_pg-FINAL.jpg","Certifications graphic with a large ""certified WBENC - Women's Business Enterprise"" logo at the top","No","No","Yes"
"3","Designed graphic (send to Design)","3","https://shopnadco.com/pages/custom-tape-solutions-for-engineers
https://shopnadco.com/pages/nadco-university
https://shopnadco.com/pages/who-we-are-at-nadco%C2%AE-tape-labels","https://shopnadco.com/cdn/shop/files/20260124_1904_Image_Generation_remix_01kfr51714ea99qv8cswmnz19k.webp","""If you can imagine it, NADCO will make it stick!"" banner with old NADCO logo","Yes","Yes","No"
"4","Designed graphic (send to Design)","16","https://shopnadco.com/pages/10-facts-you-may-not-know-about-nadco%C2%AE
https://shopnadco.com/pages/halloween-safety-tip-use-reflective-and-glow-tapes
https://shopnadco.com/pages/industry-definitions
https://shopnadco.com/pages/just-keep-at-it
https://shopnadco.com/pages/let-it-snow
https://shopnadco.com/pages/let-s-talk-prototyping
https://shopnadco.com/pages/niche-products-are-the-new-thing
https://shopnadco.com/pages/social-responsibility-by-charitable-donations
https://shopnadco.com/pages/stand-back-blast-tape-in-use
https://shopnadco.com/pages/stick-it-adhesive-talk
https://shopnadco.com/pages/the-difference-between-our-anti-slip-tapes
https://shopnadco.com/pages/the-origins-of-tape
https://shopnadco.com/pages/this-month-s-featured-industry-construction
https://shopnadco.com/pages/trade-show-power
https://shopnadco.com/pages/why-foil-tapes-are-a-must-have-for-aerospace-adhesive-applications
https://shopnadco.com/pages/why-turkey-for-thanksgiving","https://shopnadco.com/cdn/shop/files/enahce2.png","""If you can imagine it, NADCO will make it stick."" banner with old NADCO logo","Yes","Yes","No"
"5","Designed graphic (send to Design)","1","https://shopnadco.com/pages/custom-label-solutions-for-engineers","https://shopnadco.com/cdn/shop/files/be9ba16eadebfad3b32404877cda389af304e026.jpg","Tape collage with ""If you can imagine it, Nadco will make it stick."" and old NADCO logo","Yes","Yes","No"
"6","Designed graphic (send to Design)","1","https://shopnadco.com/pages/vinyl-material-for-tapes-labels","https://shopnadco.com/cdn/shop/files/db3b191cc7e7ff25b3a6c94eb6820de23bb89140.png","Nuclear tapes graphic with old NADCO logo","Yes","Yes","No"
"7","Designed graphic (send to Design)","1","https://shopnadco.com/pages/school-safety-signs-warning-labels","https://shopnadco.com/cdn/shop/files/db3b191cc7e7ff25b3a6c94eb6820de23bb89140_9b20a3ea-5bcb-41e3-aaec-ad822e72ca28.jpg","""Nuclear tapes and labels"" graphic with old NADCO logo","Yes","Yes","No"
"8","Designed graphic (send to Design)","2","https://shopnadco.com/pages/artwork-guidelines
https://shopnadco.com/pages/construction-municipal","https://shopnadco.com/cdn/shop/files/704304bf1f7116dbb118f4ab2d2d10f5afed6ee5_1.png","Screenshot of the old NADCO logo open in a design program","Yes","Yes","No"
"9","Designed graphic (send to Design)","1","https://shopnadco.com/pages/digital-variable-data-printing","https://shopnadco.com/cdn/shop/files/thumbnail_2c4c8d17-7a5d-43fa-8417-a4d36f1f2cc3.png","Old NADCO logo on a dark background","Yes","Yes","No"
"10","Designed graphic (send to Design)","1","https://shopnadco.com/pages/safety-tapes","https://shopnadco.com/cdn/shop/files/Rectangle_52_13_307f41a7-bcf4-4213-8b17-590098a9889a.png","Safety tape photo with old NADCO logo overlay","Yes","Yes","No"
"11","Designed graphic (send to Design)","1","https://shopnadco.com/pages/consumer-terms-conditions","https://shopnadco.com/cdn/shop/files/custom_tapes_and_labels_1000_400-1.png","""Ready to ship"" graphic with old NADCO logo and www.nadco-inc.com","Yes","Only in URL (nadco-inc.com)","No"
"12","Designed graphic (send to Design)","1","https://shopnadco.com/pages/about-us","https://shopnadco.com/cdn/shop/files/custom_tapes_and_labels_20_years_2.jpg","""20 Years in Paradise"" photo with old NADCO logo overlay","Yes","Yes","No"
"13","Designed graphic (send to Design)","1","https://shopnadco.com/pages/artwork-guidelines","https://shopnadco.com/cdn/shop/files/f35698cfbee70ff87a68911d1f65ac6360506671.png","""Extended Gamut Printing"" graphic with old NADCO logo","Yes","Yes","No"
"14","Designed graphic (send to Design)","1","https://shopnadco.com/pages/hightempmaskingdots","https://shopnadco.com/cdn/shop/files/high-performance-masking-tape-thumb_jpg.webp","Technical data sheet preview with old NADCO logo and ""NADCO Tapes & Labels"" on the side","Yes","Not legible (small)","No"
"15","Designed graphic (send to Design)","1","https://shopnadco.com/pages/a-guide-on-food-tamper-evident-labels","https://shopnadco.com/cdn/shop/files/chart.webp","""Key benefits of tamper-evident labels"" infographic, old NADCO logo at the bottom","Yes","Not legible (small)","No"
"16","Designed graphic (send to Design)","1","https://shopnadco.com/pages/antimicrobial-film","https://shopnadco.com/cdn/shop/files/Antimicrobial-Films-Applications_png.webp","""Antimicrobial films & applications"" infographic, old NADCO logo at the bottom","Yes","Not legible (small)","No"
"17","Designed graphic (send to Design)","1","https://shopnadco.com/pages/variable-label-printing","https://shopnadco.com/cdn/shop/files/infographic-how-digital-variable-data-work_png.webp","""How does digital variable data printing work?"" infographic, old NADCO logo at the bottom","Yes","Not legible (small)","No"
"18","Designed graphic (send to Design)","1","https://shopnadco.com/pages/duct-tape-gaffers-tape","https://shopnadco.com/cdn/shop/files/Frame_1000008225.png","""Duct Tape vs Gaffer's Tape"" infographic, old NADCO logo at the bottom","Yes","Not legible (small)","No"
"19","Designed graphic (send to Design)","1","https://shopnadco.com/pages/variable-label-printing","https://shopnadco.com/cdn/shop/files/variableimageprinting-vip.gif","Animated sample labels (GIF) with old NADCO logo","Yes","Yes","No"
"20","Designed graphic (send to Design)","6","https://shopnadco.com/collections/6-film-vinyl-specialty-surface-products-labels
https://shopnadco.com/collections/labels
https://shopnadco.com/collections/nuclear-safety-tape-copy
https://shopnadco.com/collections/radiation-smear-wipes
https://shopnadco.com/collections/smears
https://shopnadco.com/products/flock-smear-wipes","https://shopnadco.com/cdn/shop/files/1-34-FLOCK-SMEARS-500BOX_FLOCKSMEARS_GE1A3371.jpg","Flock Smears product image with old NADCO logo in the top-left corner","Yes","Not legible (small)","No"
"21","Designed graphic (send to Design)","1","https://shopnadco.com/pages/case-study-wlc","https://shopnadco.com/cdn/shop/files/20260126_1117_Image_Generation_remix_01kfwf4g0bfffaemf0x2845xde.png","Video thumbnail with old NADCO logo in the corner","Yes","Not legible (small)","No"
"22","Designed graphic (send to Design)","1","https://shopnadco.com/pages/case-study-wlc","https://shopnadco.com/cdn/shop/files/20260126_1132_Image_Generation_remix_01kfwfzcbmegybvcjmgzt9wr8z.png","Video thumbnail with old NADCO logo in the corner","Yes","Not legible (small)","No"
"23","Designed graphic (send to Design)","1","https://shopnadco.com/pages/case-study-cover-express","https://shopnadco.com/cdn/shop/files/1860913023-c26f0b2d68111a844c6726d168ee04dd22c4f37b619aa94254fee046344b5e31-d_640.jpg","Video thumbnail with old NADCO logo in the corner","Yes","Not legible (small)","No"
"24","Designed graphic (send to Design)","1","https://shopnadco.com/pages/case-study-cover-express","https://shopnadco.com/cdn/shop/files/1860923393-21f23405d3228d898ea1bdd610fdddfcda1ef2c8a48fc0b023794c4c73c0413a-d_640.jpg","Video thumbnail with old NADCO logo in the corner","Yes","Not legible (small)","No"
"25","Designed graphic (send to Design)","1","https://shopnadco.com/pages/case-study-cover-express","https://shopnadco.com/cdn/shop/files/1860924848-3d2d19907296bbd478525d961e369a287377b3e8fcbd026fff482e030b2d20ab-d_640.jpg","Video thumbnail with old NADCO logo in the corner","Yes","Not legible (small)","No"
"26","Designed graphic (send to Design)","1","https://shopnadco.com/pages/case-study-wlc","https://shopnadco.com/cdn/shop/files/task_01kfwf0h4heet9st4wbj48anzh_1769408098_img_1.webp","Video thumbnail with old NADCO logo in the corner","Yes","Not legible (small)","No"
"27","Designed graphic (send to Design)","1","https://shopnadco.com/","https://shopnadco.com/cdn/shop/files/17de9ce26d215deb52785d80e6af74a07f7d20f5.png","eBook cover with old NADCO logo at the top","Yes","Not legible (small)","No"
"28","Designed graphic (send to Design)","1","https://shopnadco.com/","https://shopnadco.com/cdn/shop/files/77684076883a9a59f336bf445bba83e8b1310e5a.png","eBook cover with old NADCO logo at the top","Yes","Not legible (small)","No"
"29","Designed graphic (send to Design)","1","https://shopnadco.com/","https://shopnadco.com/cdn/shop/files/c37a46afd3455459b485f8c108f0b7a49b7140e3.png","eBook cover with old NADCO logo at the top","Yes","Not legible (small)","No"
"30","Designed graphic (send to Design)","1","https://shopnadco.com/pages/ebook-library","https://shopnadco.com/cdn/shop/files/Tamper-Evident-Labels-for-Your-Packaging_png.webp","eBook cover with old NADCO logo at the top","Yes","Not legible (small)","No"
"31","Designed graphic (send to Design)","1","https://shopnadco.com/pages/foam-tape","https://shopnadco.com/cdn/shop/files/Rectangle_52_3.png","eBook cover with old NADCO logo at the top","Yes","Not legible (small)","No"
"32","Designed graphic (send to Design)","1","https://shopnadco.com/pages/ebook-library","https://shopnadco.com/cdn/shop/files/Rectangle_1603.png","eBook cover with old NADCO logo at the top","Yes","Not legible (small)","No"
"33","Designed graphic (send to Design)","1","https://shopnadco.com/pages/ebook-library","https://shopnadco.com/cdn/shop/files/Rectangle_1603_1.png","eBook cover with old NADCO logo at the top","Yes","Not legible (small)","No"
"34","Designed graphic (send to Design)","1","https://shopnadco.com/pages/ebook-library","https://shopnadco.com/cdn/shop/files/Rectangle_1603_10.png","eBook cover with old NADCO logo at the top","Yes","Not legible (small)","No"
"35","Designed graphic (send to Design)","1","https://shopnadco.com/pages/ebook-library","https://shopnadco.com/cdn/shop/files/Rectangle_1603_13.png","eBook cover with old NADCO logo at the top","Yes","Not legible (small)","No"
"36","Designed graphic (send to Design)","1","https://shopnadco.com/pages/ebook-library","https://shopnadco.com/cdn/shop/files/Rectangle_1603_14.png","eBook cover with old NADCO logo at the top","Yes","Not legible (small)","No"
"37","Designed graphic (send to Design)","1","https://shopnadco.com/pages/ebook-library","https://shopnadco.com/cdn/shop/files/Rectangle_1603_15.png","eBook cover with old NADCO logo at the top","Yes","Not legible (small)","No"
"38","Designed graphic (send to Design)","1","https://shopnadco.com/pages/ebook-library","https://shopnadco.com/cdn/shop/files/Rectangle_1603_16.png","eBook cover with old NADCO logo at the top","Yes","Not legible (small)","No"
"39","Designed graphic (send to Design)","1","https://shopnadco.com/pages/ebook-library","https://shopnadco.com/cdn/shop/files/Rectangle_1603_17.png","eBook cover with old NADCO logo at the top","Yes","Not legible (small)","No"
"40","Designed graphic (send to Design)","1","https://shopnadco.com/pages/ebook-library","https://shopnadco.com/cdn/shop/files/Rectangle_1603_2.png","eBook cover with old NADCO logo at the top","Yes","Not legible (small)","No"
"41","Designed graphic (send to Design)","1","https://shopnadco.com/pages/ebook-library","https://shopnadco.com/cdn/shop/files/Rectangle_1603_3.png","eBook cover with old NADCO logo at the top","Yes","Not legible (small)","No"
"42","Designed graphic (send to Design)","1","https://shopnadco.com/pages/ebook-library","https://shopnadco.com/cdn/shop/files/Rectangle_1603_4.png","eBook cover with old NADCO logo at the top","Yes","Not legible (small)","No"
"43","Designed graphic (send to Design)","1","https://shopnadco.com/pages/ebook-library","https://shopnadco.com/cdn/shop/files/Rectangle_1603_5.png","eBook cover with old NADCO logo at the top","Yes","Not legible (small)","No"
"44","Designed graphic (send to Design)","1","https://shopnadco.com/pages/ebook-library","https://shopnadco.com/cdn/shop/files/Rectangle_1603_6.png","eBook cover with old NADCO logo at the top","Yes","Not legible (small)","No"
"45","Designed graphic (send to Design)","1","https://shopnadco.com/pages/ebook-library","https://shopnadco.com/cdn/shop/files/Rectangle_1603_7.png","eBook cover with old NADCO logo at the top","Yes","Not legible (small)","No"
"46","Designed graphic (send to Design)","1","https://shopnadco.com/pages/ebook-library","https://shopnadco.com/cdn/shop/files/Rectangle_1603_8.png","eBook cover with old NADCO logo at the top","Yes","Not legible (small)","No"
"47","Designed graphic (send to Design)","1","https://shopnadco.com/pages/ebook-library","https://shopnadco.com/cdn/shop/files/Rectangle_1603_9.png","eBook cover with old NADCO logo at the top","Yes","Not legible (small)","No"
"48","Photo of real-world item (confirm with PM)","1","https://shopnadco.com/pages/safety-industry","https://shopnadco.com/cdn/shop/files/1000036859_1500-1536x1152_2e163fea-986c-47b4-831e-1047e64b113f.jpg","Photo of the building sign (""NADCO Tapes Inc Labels"")","Yes","Yes (on sign)","No"
"49","Photo of real-world item (confirm with PM)","2","https://shopnadco.com/blogs/news
https://shopnadco.com/blogs/news/3-major-benefits-of-sticking-with-a-full-service-adhesives-manufacturer","https://shopnadco.com/cdn/shop/articles/3-major-benefits-of-sticking-with-a-full-service-adhesives-manufacturer-3480560.webp","Photo of the building sign (""NADCO Tapes Inc Labels"")","Yes","Yes (on sign)","No"
"50","Photo of real-world item (confirm with PM)","1","https://shopnadco.com/pages/adhesive-tapes-medical-industry","https://shopnadco.com/cdn/shop/files/9ee42fb8d76e790a03d13a19e014ddac757789e3_1.png","Photo of the building sign (""NADCO Tapes Inc Labels"")","Yes","Yes (on sign)","No"
"51","Photo of real-world item (confirm with PM)","1","https://shopnadco.com/pages/re-seller-sealer-terms-and-conditions","https://shopnadco.com/cdn/shop/files/NADCO-SIGN-SM_jpg.webp","Photo of the building sign (""NADCO Tapes Inc Labels"")","Yes","Yes (on sign)","No"
"52","Photo of real-world item (confirm with PM)","1","https://shopnadco.com/pages/videos","https://shopnadco.com/cdn/shop/files/Rectangle_3534.png","Team photo in front of the building sign","Yes","Yes (on sign)","No"
"53","Photo of real-world item (confirm with PM)","5","https://shopnadco.com/
https://shopnadco.com/pages/about-us
https://shopnadco.com/pages/custom-label-solutions-for-engineers
https://shopnadco.com/pages/custom-tape-solutions-for-engineers
https://shopnadco.com/pages/our-roll-in-your-world","https://shopnadco.com/cdn/shop/files/Rectangle_52_1.png","Photo of the building sign (""NADCO Tapes Inc Labels"")","Yes","Yes (on sign)","No"
"54","Photo of real-world item (confirm with PM)","43","https://shopnadco.com/pages/adhesive-tapes-labels-biotech-industry
https://shopnadco.com/pages/adhesive-tapes-medical-industry
https://shopnadco.com/pages/aerospace
https://shopnadco.com/pages/artwork-guidelines
https://shopnadco.com/pages/automotive
https://shopnadco.com/pages/case-study-cover-express
https://shopnadco.com/pages/case-study-wlc
https://shopnadco.com/pages/cbm-marketing-inc
https://shopnadco.com/pages/chemical-industry
https://shopnadco.com/pages/construction-municipal
https://shopnadco.com/pages/consumer-terms-conditions
https://shopnadco.com/pages/custom-label-solutions-for-engineers
https://shopnadco.com/pages/custom-printed-labels
https://shopnadco.com/pages/custom-printed-tapes
https://shopnadco.com/pages/custom-tape-solutions-for-engineers
https://shopnadco.com/pages/die-cutting-and-material-converting-services
https://shopnadco.com/pages/digital-printing-solutions
https://shopnadco.com/pages/digital-variable-data-printing
https://shopnadco.com/pages/downloadable-spec-sheets
https://shopnadco.com/pages/ebook-library
https://shopnadco.com/pages/education-industry
https://shopnadco.com/pages/electronics
https://shopnadco.com/pages/faqs
https://shopnadco.com/pages/foam-tape
https://shopnadco.com/pages/foil-tape
https://shopnadco.com/pages/food-and-beverage
https://shopnadco.com/pages/food-beverage-industry
https://shopnadco.com/pages/graphic-design-label-prototyping
https://shopnadco.com/pages/industries
https://shopnadco.com/pages/industries-we-support
https://shopnadco.com/pages/nadco-university
https://shopnadco.com/pages/nuclear-industry
https://shopnadco.com/pages/oem-manufacturing-industry
https://shopnadco.com/pages/opt-out-preferences
https://shopnadco.com/pages/osha-compliance
https://shopnadco.com/pages/personal-protective-equipment
https://shopnadco.com/pages/re-seller-sealer-terms-and-conditions
https://shopnadco.com/pages/retail
https://shopnadco.com/pages/safety-industry
https://shopnadco.com/pages/tamper-evident-labels
https://shopnadco.com/pages/variable-label-printing
https://shopnadco.com/pages/videos
https://shopnadco.com/pages/vinyl-material-for-tapes-labels","https://shopnadco.com/cdn/shop/files/group_photo_for_website.jpg","Team group photo in front of the building sign","Yes","Yes (on sign)","No"
"55","Photo of real-world item (confirm with PM)","82","https://shopnadco.com/pages/10-facts-you-may-not-know-about-nadco%C2%AE
https://shopnadco.com/pages/3-key-benefits-of-using-closed-cell-foam-tape
https://shopnadco.com/pages/5-ways-nadco-can-help-reduce-your-lead-times
https://shopnadco.com/pages/a-guide-on-custom-adhesive-tapes
https://shopnadco.com/pages/a-guide-on-food-tamper-evident-labels
https://shopnadco.com/pages/about-us
https://shopnadco.com/pages/adhesive-tape-converters-vs-distributors
https://shopnadco.com/pages/adhesive-tapes-for-construction-and-municipal-applications
https://shopnadco.com/pages/adhesive-tapes-solutions-for-your-appliances
https://shopnadco.com/pages/all-in-one-labeling-solution-boosts-efficiency-and-savings-for-co-packer
https://shopnadco.com/pages/all-products
https://shopnadco.com/pages/antimicrobial-film
https://shopnadco.com/pages/automated-label-solutions-fuel-growth-for-co-packer-wlcs-brand-expansion
https://shopnadco.com/pages/beyond-the-surface-exploring-the-customization-and-technology-of-tamper-evident-labels
https://shopnadco.com/pages/compostable-labels
https://shopnadco.com/pages/custom-labels
https://shopnadco.com/pages/custom-political-stickers-banners-and-labels
https://shopnadco.com/pages/custom-products
https://shopnadco.com/pages/data-sharing-opt-out
https://shopnadco.com/pages/die-cutting
https://shopnadco.com/pages/directional-flow-tapes-for-social-distancing
https://shopnadco.com/pages/don-t-get-burned-choosing-the-right-high-temperature-tape-or-label-for-your-needs
https://shopnadco.com/pages/duct-tape-vs-gaffer-s-tape-what-s-the-difference
https://shopnadco.com/pages/energy-and-utilities
https://shopnadco.com/pages/foam-tapes-for-medical-adhesive-applications
https://shopnadco.com/pages/food-beverage-labels
https://shopnadco.com/pages/foodexpirationlabels
https://shopnadco.com/pages/gaffers-tape-vs-duct-tape-choosing-the-best-adhesive-for-your-needs
https://shopnadco.com/pages/halloween-safety-tip-use-reflective-and-glow-tapes
https://shopnadco.com/pages/hightempmaskingdots
https://shopnadco.com/pages/hot-or-cold-foil-that-is-the-question
https://shopnadco.com/pages/how-adhesives-are-keeping-your-car-together
https://shopnadco.com/pages/how-to-choose-the-optimal-custom-label-printer
https://shopnadco.com/pages/how-your-company-will-benefit-from-marketing-materials
https://shopnadco.com/pages/industry-definitions
https://shopnadco.com/pages/just-keep-at-it
https://shopnadco.com/pages/keeping-the-workplace-safe-with-vinyl-tape
https://shopnadco.com/pages/key-tips-to-ensure-your-business-is-social-distance-friendly
https://shopnadco.com/pages/let-it-snow
https://shopnadco.com/pages/let-s-pet-rock
https://shopnadco.com/pages/let-s-talk-prototyping
https://shopnadco.com/pages/mobility-scooter-cover-business-rides-to-success-with-nadco-s-stock-holding-program-1
https://shopnadco.com/pages/niche-products-are-the-new-thing
https://shopnadco.com/pages/open-cell-vs-closed-cell-tape-what-s-the-difference
https://shopnadco.com/pages/our-roll-in-your-world
https://shopnadco.com/pages/paper-tapes
https://shopnadco.com/pages/pressure-sensitive-labels-for-food-processing-applications
https://shopnadco.com/pages/pressure-sensitive-tapes
https://shopnadco.com/pages/request-a-quote
https://shopnadco.com/pages/safety-tapes
https://shopnadco.com/pages/safety-tapes-and-applications
https://shopnadco.com/pages/school-safety-signs-warning-labels
https://shopnadco.com/pages/social-distancing-decals
https://shopnadco.com/pages/social-responsibility-by-charitable-donations
https://shopnadco.com/pages/stand-back-blast-tape-in-use
https://shopnadco.com/pages/stick-it-adhesive-talk
https://shopnadco.com/pages/tamper-evident-labels-for-the-medical-pharmaceutical-industry
https://shopnadco.com/pages/testimonials
https://shopnadco.com/pages/the-difference-between-our-anti-slip-tapes
https://shopnadco.com/pages/the-importance-of-reflective-tapes-for-visibility-and-safety-control
https://shopnadco.com/pages/the-integral-role-of-tapes-and-adhesives-in-fighting-covid-19
https://shopnadco.com/pages/the-origins-of-tape
https://shopnadco.com/pages/the-top-5-benefits-of-pressure-sensitive-labels
https://shopnadco.com/pages/this-month-s-featured-industry-construction
https://shopnadco.com/pages/trade-show-power
https://shopnadco.com/pages/understanding-reflective-tape-and-its-uses
https://shopnadco.com/pages/unique-products-you-may-not-know-nadco%C2%AE-offers
https://shopnadco.com/pages/vinyl-labels
https://shopnadco.com/pages/what-are-the-benefits-and-applications-of-gaffer-s-tape
https://shopnadco.com/pages/what-are-the-key-benefits-latest-trends-of-food-and-beverage-labels
https://shopnadco.com/pages/what-are-the-main-benefits-and-applications-of-using-vinyl-tapes
https://shopnadco.com/pages/what-it-means-to-be-florida-s-first-usgbc-leed-silver-certified-manufacturer
https://shopnadco.com/pages/what-makes-paper-tapes-a-smart-choice
https://shopnadco.com/pages/what-you-need-to-know-about-foil-tapes
https://shopnadco.com/pages/who-we-are-at-nadco%C2%AE-tape-labels
https://shopnadco.com/pages/why-are-tamper-evident-labels-so-important
https://shopnadco.com/pages/why-car-washes-should-be-using-ncwt1
https://shopnadco.com/pages/why-foil-tapes-are-a-must-have-for-aerospace-adhesive-applications
https://shopnadco.com/pages/why-manufacturers-are-reconsidering-reshoring
https://shopnadco.com/pages/why-turkey-for-thanksgiving
https://shopnadco.com/pages/why-you-should-be-utilizing-tamper-evident-labels
https://shopnadco.com/pages/wishlist","https://shopnadco.com/cdn/shop/files/group_photo_for_website_55e91b08-23d1-444c-9ba9-f1a5055f7866.jpg","Team group photo in front of the building sign","Yes","Yes (on sign)","No"
"56","Photo of real-world item (confirm with PM)","1","https://shopnadco.com/collections/biotech","https://shopnadco.com/cdn/shop/collections/our-best-sellers-2637590.jpg","Team photo in front of the building sign","Yes","Yes (on sign)","No"
"57","Photo of real-world item (confirm with PM)","2","https://shopnadco.com/blogs/news
https://shopnadco.com/blogs/news/what-it-means-to-be-florida-s-first-usgbc-leed-silver-certified-manufacturer","https://shopnadco.com/cdn/shop/articles/what-it-means-to-be-floridas-first-usgbc-leed-silver-certified-manufacturer-2142483.webp","Photo of the building sign (""NADCO Tapes Inc Labels"")","Yes","Yes (on sign)","No"
"58","Photo of real-world item (confirm with PM)","19","https://shopnadco.com/pages/3m-dual-lock-reclosable-fasteners
https://shopnadco.com/pages/about-erika-estrada
https://shopnadco.com/pages/about-jared-doniger
https://shopnadco.com/pages/about-neil-doniger
https://shopnadco.com/pages/about-rena-doniger
https://shopnadco.com/pages/about-shelby-johnson
https://shopnadco.com/pages/about-stacie-jones
https://shopnadco.com/pages/about-tobie-daniels
https://shopnadco.com/pages/about-vicky-edgerly
https://shopnadco.com/pages/duct-tape-gaffers-tape
https://shopnadco.com/pages/eco-friendly-labels-and-sustainability-practices
https://shopnadco.com/pages/industries-served
https://shopnadco.com/pages/manufacturing
https://shopnadco.com/pages/mobility-scooter-cover-business-rides-to-success-with-nadco-s-stock-holding-program
https://shopnadco.com/pages/nuclear-tapes
https://shopnadco.com/pages/submit-your-custom-order-artwork
https://shopnadco.com/pages/the-nadco-team
https://shopnadco.com/pages/tyvek
https://shopnadco.com/pages/uhb-vhb-tapes","https://shopnadco.com/cdn/shop/files/21bd75266f71c8c4d7708fd6ac189e7be514e541.png","Team photo in front of the building sign","Yes","Yes (on sign)","No"
"59","Photo of real-world item (confirm with PM)","1","https://shopnadco.com/pages/die-cutting-and-material-converting-services","https://shopnadco.com/cdn/shop/files/Rectangle_52_21.png","Photo of the NADCO truck with old NADCO logo","Yes","Not legible (small)","No"
"60","Photo of real-world item (confirm with PM)","6","https://shopnadco.com/collections/6-film-vinyl-specialty-surface-products-labels
https://shopnadco.com/collections/labels
https://shopnadco.com/collections/nuclear-safety-tape-copy
https://shopnadco.com/collections/radiation-smear-wipes
https://shopnadco.com/collections/smears
https://shopnadco.com/products/flock-smear-wipes","https://shopnadco.com/cdn/shop/files/1-34-FLOCK-SMEARS-500BOX_FLOCKSMEARS_GE1A3368.jpg","RAD Wipe Smears / nuclear product photo; packaging shows the old NADCO logo","Yes","Not legible (small)","No"
"61","Photo of real-world item (confirm with PM)","1","https://shopnadco.com/products/flock-smears-500-box","https://shopnadco.com/cdn/shop/files/NARROW-TWILL-SMEAR-500BX_TSN-CN_GE1A3396.jpg","RAD Wipe Smears / nuclear product photo; packaging shows the old NADCO logo","Yes","Not legible (small)","No"
"62","Photo of real-world item (confirm with PM)","1","https://shopnadco.com/products/flock-smears-500-box","https://shopnadco.com/cdn/shop/files/NARROW-TWILL-SMEAR-500BX_TSN-CN_GE1A3397.jpg","RAD Wipe Smears / nuclear product photo; packaging shows the old NADCO logo","Yes","Not legible (small)","No"
"63","Photo of real-world item (confirm with PM)","11","https://shopnadco.com/collections/6-film-vinyl-specialty-surface-products-labels
https://shopnadco.com/collections/chemical
https://shopnadco.com/collections/labels
https://shopnadco.com/collections/medical-1
https://shopnadco.com/collections/nuclear
https://shopnadco.com/collections/nuclear-industry
https://shopnadco.com/collections/nuclear-safety-tape-copy
https://shopnadco.com/collections/radiation-smear-wipes
https://shopnadco.com/collections/safety
https://shopnadco.com/collections/smears
https://shopnadco.com/products/flock-smears-500-box","https://shopnadco.com/cdn/shop/files/NARROW-TWILL-SMEAR-500BX_TSN-CN_GE1A3399.jpg","RAD Wipe Smears / nuclear product photo; packaging shows the old NADCO logo","Yes","Not legible (small)","No"
"64","Photo of real-world item (confirm with PM)","1","https://shopnadco.com/products/flock-smears-500-box","https://shopnadco.com/cdn/shop/files/SMEARS_PACKAGING_250_500_GE1A3403.jpg","RAD Wipe Smears / nuclear product photo; packaging shows the old NADCO logo","Yes","Not legible (small)","No"
"65","Photo of real-world item (confirm with PM)","1","https://shopnadco.com/products/tw-smear-piggy-back-250-box","https://shopnadco.com/cdn/shop/files/SMEARS_PACKAGING_250_500_GE1A3403_bb093d7b-5b2f-42d8-92ff-a0cfdb4398c6.jpg","RAD Wipe Smears / nuclear product photo; packaging shows the old NADCO logo","Yes","Not legible (small)","No"
"66","Photo of real-world item (confirm with PM)","1","https://shopnadco.com/products/tsw-500pk","https://shopnadco.com/cdn/shop/files/SMEARS_PACKAGING_250_500_GE1A3403_fe245008-420d-4a87-96c1-92fb34c8bfe8.jpg","RAD Wipe Smears / nuclear product photo; packaging shows the old NADCO logo","Yes","Not legible (small)","No"
"67","Photo of real-world item (confirm with PM)","1","https://shopnadco.com/products/tw-smear-piggy-back-250-box","https://shopnadco.com/cdn/shop/files/TW-SMEAR-PIGGY-BACK-250BX_GJ1131_GE1A3344.jpg","RAD Wipe Smears / nuclear product photo; packaging shows the old NADCO logo","Yes","Not legible (small)","No"
"68","Photo of real-world item (confirm with PM)","1","https://shopnadco.com/products/tw-smear-piggy-back-250-box","https://shopnadco.com/cdn/shop/files/TW-SMEAR-PIGGY-BACK-250BX_GJ1131_GE1A3345.jpg","RAD Wipe Smears / nuclear product photo; packaging shows the old NADCO logo","Yes","Not legible (small)","No"
"69","Photo of real-world item (confirm with PM)","1","https://shopnadco.com/products/tw-smear-piggy-back-250-box","https://shopnadco.com/cdn/shop/files/TW-SMEAR-PIGGY-BACK-250BX_GJ1131_GE1A3346.jpg","RAD Wipe Smears / nuclear product photo; packaging shows the old NADCO logo","Yes","Not legible (small)","No"
"70","Photo of real-world item (confirm with PM)","12","https://shopnadco.com/collections/6-film-vinyl-specialty-surface-products-labels
https://shopnadco.com/collections/chemical
https://shopnadco.com/collections/labels
https://shopnadco.com/collections/medical-1
https://shopnadco.com/collections/nuclear
https://shopnadco.com/collections/nuclear-industry
https://shopnadco.com/collections/nuclear-safety-tape-copy
https://shopnadco.com/collections/osha
https://shopnadco.com/collections/radiation-smear-wipes
https://shopnadco.com/collections/safety
https://shopnadco.com/collections/smears
https://shopnadco.com/products/tw-smear-piggy-back-250-box","https://shopnadco.com/cdn/shop/files/TW-SMEAR-PIGGY-BACK-250BX_GJ1131_GE1A3351.jpg","RAD Wipe Smears / nuclear product photo; packaging shows the old NADCO logo","Yes","Not legible (small)","No"
"71","Photo of real-world item (confirm with PM)","12","https://shopnadco.com/collections/6-film-vinyl-specialty-surface-products-labels
https://shopnadco.com/collections/chemical
https://shopnadco.com/collections/labels
https://shopnadco.com/collections/medical-1
https://shopnadco.com/collections/nuclear
https://shopnadco.com/collections/nuclear-industry
https://shopnadco.com/collections/nuclear-safety-tape-copy
https://shopnadco.com/collections/osha
https://shopnadco.com/collections/radiation-smear-wipes
https://shopnadco.com/collections/safety
https://shopnadco.com/collections/smears
https://shopnadco.com/products/tw-smear-piggy-back-250-box","https://shopnadco.com/cdn/shop/files/TW-SMEAR-PIGGY-BACK-250BX_GJ1131_GE1A3353.jpg","RAD Wipe Smears / nuclear product photo; packaging shows the old NADCO logo","Yes","Not legible (small)","No"
"72","Photo of real-world item (confirm with PM)","1","https://shopnadco.com/products/tsw-500pk","https://shopnadco.com/cdn/shop/files/Tw-CutThru-No-slit-bck-500b_TSD-1.75_GE1A3340.jpg","RAD Wipe Smears / nuclear product photo; packaging shows the old NADCO logo","Yes","Not legible (small)","No"
"73","Photo of real-world item (confirm with PM)","9","https://shopnadco.com/
https://shopnadco.com/collections/6-film-vinyl-specialty-surface-products-labels
https://shopnadco.com/collections/biotech
https://shopnadco.com/collections/labels
https://shopnadco.com/collections/nuclear-industry
https://shopnadco.com/collections/nuclear-safety-tape-copy
https://shopnadco.com/collections/radiation-smear-wipes
https://shopnadco.com/collections/smears
https://shopnadco.com/products/tsw-500pk","https://shopnadco.com/cdn/shop/files/WIDE-TWL-SMR.-3-x-4-12-500B_TSW_GE1A3335.jpg","RAD Wipe Smears / nuclear product photo; packaging shows the old NADCO logo","Yes","Not legible (small)","No"
"74","Photo of real-world item (confirm with PM)","1","https://shopnadco.com/collections/smears","https://shopnadco.com/cdn/shop/collections/smears-2607019.jpg","RAD Wipe Smears / nuclear product photo; packaging shows the old NADCO logo","Yes","Not legible (small)","No"
"75","Photo of real-world item (confirm with PM)","1","https://shopnadco.com/collections/nuclear","https://shopnadco.com/cdn/shop/collections/nuclear-4281061.jpg","RAD Wipe Smears / nuclear product photo; packaging shows the old NADCO logo","Yes","Not legible (small)","No"
"76","Photo of real-world item (confirm with PM)","1","https://shopnadco.com/collections/nuclear-safety-tape-copy","https://shopnadco.com/cdn/shop/collections/nuclear-safety-labels-8527914.jpg","RAD Wipe Smears / nuclear product photo; packaging shows the old NADCO logo","Yes","Not legible (small)","No"
"77","Photo of real-world item (confirm with PM)","1","https://shopnadco.com/pages/nuclear-industry","https://shopnadco.com/cdn/shop/files/nuclear_industry_category_pic_846e5754-c23f-494f-b7b9-8248c1790e87.jpg","RAD Wipe Smears / nuclear product photo; packaging shows the old NADCO logo","Yes","Not legible (small)","No"
"78","Photo of real-world item (confirm with PM)","1","https://shopnadco.com/collections/vinyl-nuclear-safety-tape","https://shopnadco.com/cdn/shop/collections/nuclear_industry_category_pic_87795e10-50a5-403c-af74-d61170b7b822.jpg","RAD Wipe Smears / nuclear product photo; packaging shows the old NADCO logo","Yes","Not legible (small)","No"
"79","Photo of real-world item (confirm with PM)","1","https://shopnadco.com/collections/safety-labels-coll","https://shopnadco.com/cdn/shop/collections/nuclear_industry_category_pic_b5d2c6e9-3cb3-437f-95fc-c393842a3d88.jpg","RAD Wipe Smears / nuclear product photo; packaging shows the old NADCO logo","Yes","Not legible (small)","No"
"80","Photo of real-world item (confirm with PM)","2","https://shopnadco.com/collections/duct-tape
https://shopnadco.com/pages/personal-protective-equipment","https://shopnadco.com/cdn/shop/collections/Custom_Duct_Tape_GE1A3453.jpg","Custom duct tape printed with the NADCO logo","Yes","Not legible (small)","No"
"81","Photo of real-world item (confirm with PM)","19","https://shopnadco.com/collections/aerospace
https://shopnadco.com/collections/automotive
https://shopnadco.com/collections/construction
https://shopnadco.com/collections/custom-duct-tape
https://shopnadco.com/collections/custom-printed-tapes
https://shopnadco.com/collections/custom-products
https://shopnadco.com/collections/duct-tape
https://shopnadco.com/collections/education
https://shopnadco.com/collections/electronics
https://shopnadco.com/collections/food-beverage
https://shopnadco.com/collections/manufacturing
https://shopnadco.com/collections/nuclear
https://shopnadco.com/collections/oem
https://shopnadco.com/collections/osha
https://shopnadco.com/collections/retail
https://shopnadco.com/collections/safety
https://shopnadco.com/pages/custom-printed-tapes
https://shopnadco.com/pages/food-and-beverage
https://shopnadco.com/products/custom-duct-tape-with-liner-test","https://shopnadco.com/cdn/shop/files/Custom_Duct_Tape_GE1A3454.jpg","Custom duct tape printed with the NADCO logo","Yes","Not legible (small)","No"
"82","Photo of real-world item (confirm with PM)","18","https://shopnadco.com/collections/aerospace
https://shopnadco.com/collections/automotive
https://shopnadco.com/collections/construction
https://shopnadco.com/collections/custom-duct-tape
https://shopnadco.com/collections/custom-printed-tapes
https://shopnadco.com/collections/custom-products
https://shopnadco.com/collections/duct-tape
https://shopnadco.com/collections/education
https://shopnadco.com/collections/electronics
https://shopnadco.com/collections/food-beverage
https://shopnadco.com/collections/manufacturing
https://shopnadco.com/collections/nuclear
https://shopnadco.com/collections/oem
https://shopnadco.com/collections/osha
https://shopnadco.com/collections/retail
https://shopnadco.com/collections/safety
https://shopnadco.com/pages/food-and-beverage
https://shopnadco.com/products/custom-duct-tape-with-liner-test","https://shopnadco.com/cdn/shop/files/Custom_Duct_Tape_GE1A3455.jpg","Custom duct tape printed with the NADCO logo","Yes","Not legible (small)","No"
"83","Photo of real-world item (confirm with PM)","1","https://shopnadco.com/pages/nadco-university","https://shopnadco.com/cdn/shop/files/20260127_1426_Image_Generation_remix_01kfzcbg01ecs9vxh0z2v1aws9.png","Custom-printed label sample with the NADCO logo","Yes","Not legible (small)","No"
"84","Photo of real-world item (confirm with PM)","3","https://shopnadco.com/pages/nadco-university
https://shopnadco.com/products/custom-bopp-square-or-rectangle-label
https://shopnadco.com/products/custom-direct-therm-dot-or-oval-label","https://shopnadco.com/cdn/shop/files/20260127_1429_Image_Generation_remix_01kfzcfb62fkysk3t0ddw2p2c1.png","Custom-printed label sample with the NADCO logo","Yes","Not legible (small)","No"
"85","Photo of real-world item (confirm with PM)","3","https://shopnadco.com/pages/nadco-university
https://shopnadco.com/products/custom-bopp-square-or-rectangle-label
https://shopnadco.com/products/custom-direct-therm-dot-or-oval-label","https://shopnadco.com/cdn/shop/files/20260127_1432_Image_Generation_remix_01kfzcpc2femz8qkrsharysdh9.png","Custom-printed label sample with the NADCO logo","Yes","Not legible (small)","No"
"86","Photo of real-world item (confirm with PM)","1","https://shopnadco.com/pages/adhesive-tape-converters-vs-distributors","https://shopnadco.com/cdn/shop/files/4fed2ebceaa1569f502c152be7beed9e3d47219f_6647df8c-a2ff-4781-910b-85da39918596.png","Custom-printed label sample with the NADCO logo","Yes","Not legible (small)","No"
"87","Photo of real-world item (confirm with PM)","1","https://shopnadco.com/pages/testimonials","https://shopnadco.com/cdn/shop/files/Graphic_Design_Tapes_Label_Services_800_2_GE1A2645-150x150.jpg","Custom-printed label sample with the NADCO logo","Yes","Not legible (small)","No"
"88","Photo of real-world item (confirm with PM)","1","https://shopnadco.com/pages/faqs","https://shopnadco.com/cdn/shop/files/Graphic_Design_Tapes_Label_Services_920_GE1A2645.jpg","Custom-printed label sample with the NADCO logo","Yes","Not legible (small)","No"
"89","Photo of real-world item (confirm with PM)","1","https://shopnadco.com/pages/artwork-guidelines","https://shopnadco.com/cdn/shop/files/Rectangle_52_28.png","Custom-printed label sample with the NADCO logo","Yes","Not legible (small)","No"
"90","Photo of real-world item (confirm with PM)","1","https://shopnadco.com/pages/testimonials","https://shopnadco.com/cdn/shop/files/Custom_Digital_Printing_Tapes_Labels-150x150.png","Custom-printed label sample with the NADCO logo","Yes","Not legible (small)","No"
"91","Photo of real-world item (confirm with PM)","1","https://shopnadco.com/pages/testimonials","https://shopnadco.com/cdn/shop/files/custom-digital-printing_tapes_labels_1920_1440_2-150x150.jpg","Custom-printed label sample with the NADCO logo","Yes","Not legible (small)","No"
"92","Photo of real-world item (confirm with PM)","2","https://shopnadco.com/products/custom-bopp-square-or-rectangle-label
https://shopnadco.com/products/custom-direct-therm-dot-or-oval-label","https://shopnadco.com/cdn/shop/files/GE1A3083.jpg","Scratch-off promo labels with the NADCO logo","Yes","Not legible (small)","No"
"93","Photo of real-world item (confirm with PM)","1","https://shopnadco.com/pages/digital-variable-data-printing","https://shopnadco.com/cdn/shop/files/scratch_label.jpg","Scratch-off promo labels with the NADCO logo","Yes","Not legible (small)","No"
"94","Photo of real-world item (confirm with PM)","1","https://shopnadco.com/products/custom-bopp-square-or-rectangle-label","https://shopnadco.com/cdn/shop/files/8bbf5b32da25cd0cdd4556e1a0fc261086d534b7.png","Honey jar labels with the NADCO logo","Yes","Not legible (small)","No"
"95","Photo of real-world item (confirm with PM)","3","https://shopnadco.com/pages/hot-or-cold-foil-that-is-the-question
https://shopnadco.com/products/custom-bopp-square-or-rectangle-label
https://shopnadco.com/products/custom-direct-therm-dot-or-oval-label","https://shopnadco.com/cdn/shop/files/hot-foil-practice-1536x921.jpg","Tape roll printed with the NADCO logo (hot foil)","Yes","Not legible (small)","No"
"96","Photo of real-world item (confirm with PM)","2","https://shopnadco.com/pages/foodexpirationlabels
https://shopnadco.com/pages/tamper-evident-labels","https://shopnadco.com/cdn/shop/files/sddefault_1_313e88d9-4c25-435c-985a-4debb978cad7.jpg","Tamper-evident tape printed with the NADCO logo","Yes","Not legible (small)","No"
"97","Photo of real-world item (confirm with PM)","1","https://shopnadco.com/pages/why-you-should-be-utilizing-tamper-evident-labels","https://shopnadco.com/cdn/shop/files/thumbnail.jpg","Tamper-evident tape printed with the NADCO logo","Yes","Not legible (small)","No"
"98","Photo of real-world item (confirm with PM)","1","https://shopnadco.com/pages/tamper-evident-labels","https://shopnadco.com/cdn/shop/files/food.jpg","Food delivery tamper-evident tape printed with the NADCO logo","Yes","Not legible (small)","No"
"99","Photo of real-world item (confirm with PM)","1","https://shopnadco.com/pages/vinyl-labels","https://shopnadco.com/cdn/shop/files/Rectangle_52_13_ec04fa88-5439-4e88-afb0-aba368ff1180.png","Product samples photo; sample bag shows ""NADCO Tapes & Labels, Inc.""","Yes","Yes","No"
